{"Barrows Hall": [37.87010715, -122.257926969474], "Sproul Hall": [37.8696038, -122.258773888668], "Zellerbach Hall": [37.869028, -122.260782232799], "Gilman Hall": [37.8726613, -122.256294741781], "Pimentel Hall": [37.87341345, -122.256005940344], "Latimer Hall": [37.87312255, -122.255886337076], "Tang Center": [37.86764805, -122.264442917253], "Etcheverry Hall": [37.87568245, -122.25927741801]}