{"Barrows Hall": [37.87010715, -122.257926969474], "Bechtel Engineering": [37.8741582, -122.2581976], "Birge Hall": [37.8722153, -122.25723724634], "Boalt Hall": [37.8699502, -122.253460109101], "Cory Hall": [37.8750816, -122.257557811467], "Donner Laboratory": [37.8746048, -122.256474608772], "Dwinelle Hall": [37.8707038, -122.260723030181], "Eshleman Hall": [37.86877215, -122.260376875271], "Etcheverry Hall": [37.87568245, -122.25927741801], "Genetics & Plant Biology": [37.87342765, -122.264700283583], "Giannini Hall": [37.8735136, -122.262309559832], "Gilman Hall": [37.8726613, -122.256294741781], "Haas Pavilion": [37.86939865, -122.262207935716], "Haas School of Business": [37.87156265, -122.253652428023], "Haviland Hall": [37.87381885, -122.261115589054], "Hearst Mining": [37.873983, -122.2570936], "Hertz Hall": [37.87105115, -122.255715334468], "Hesse Hall": [37.87432015, -122.259345063751], "Hildebrand Hall": [37.87265925, -122.255712362605], "Hilgard Hall": [37.87330975, -122.263438377085], "Koshland Hall": [37.87392, -122.264872182504], "Kroeber Hall": [37.8698251, -122.255195395684], "Latimer Hall": [37.87312255, -122.255886337076], "LeConte Hall": [37.8726158, -122.257135626098], "Martin Luther King Jr Student Union": [37.86904675, -122.259650649505], "McCone Hall": [37.8741495, -122.259675987707], "McLaughlin Hall": [37.87382875, -122.25902329826], "Minor Hall Addition": [37.8713523, -122.255123589225], "Morgan Hall": [37.87326245, -122.264233151244], "Moses Hall": [37.870955, -122.258193218834], "Mulford Hall": [37.87268705, -122.264291510976], "O'Brien Hall": [37.8743631, -122.259052053767], "Pimentel Hall": [37.87341345, -122.256005940344], "Soda Hall": [37.8756741, -122.258724], "Sproul Hall": [37.8696038, -122.258773888668], "Stanley Hall": [37.8739602, -122.256143718098], "Tan Hall": [37.8731095, -122.256409280539], "Tang Center": [37.86764805, -122.264442917253], "Valley Life Sciences Building": [37.87147415, -122.262515605935], "Wellman Hall": [37.87313495, -122.262780457664], "Wheeler Hall": [37.87129485, -122.259424153299], "Wurster Hall": [37.8705429, -122.254893747623], "Zellerbach Hall": [37.869028, -122.260782232799]}